<application>
  <component name="ProjectJdkTable">
    <jdk version="2">
      <name value="functions/telegram/venv" />
      <type value="Python SDK" />
      <version value="Python 3.13.2" />
      <homePath value="$USER_HOME$/Repos/my_calorie_tracker/functions/telegram/venv/bin/python3.13" />
      <roots>
        <classPath>
          <root type="composite">
            <root url="file://$USER_HOME$/.pyenv/versions/3.13.2/lib/python3.13" type="simple" />
            <root url="file://$USER_HOME$/.pyenv/versions/3.13.2/lib/python3.13/lib-dynload" type="simple" />
            <root url="file://$USER_HOME$/Repos/my_calorie_tracker/functions/telegram/venv/lib/python3.13/site-packages" type="simple" />
            <root url="file://$USER_HOME$/Library/Caches/JetBrains/PyCharm2025.1/python_stubs/888177563" type="simple" />
            <root url="file://$APPLICATION_HOME_DIR$/plugins/python-ce/helpers/python-skeletons" type="simple" />
            <root url="file://$APPLICATION_HOME_DIR$/plugins/python-ce/helpers/typeshed/stdlib" type="simple" />
            <root url="file://$APPLICATION_HOME_DIR$/plugins/python-ce/helpers/typeshed/stubs/cffi" type="simple" />
            <root url="file://$APPLICATION_HOME_DIR$/plugins/python-ce/helpers/typeshed/stubs/pyasn1" type="simple" />
            <root url="file://$APPLICATION_HOME_DIR$/plugins/python-ce/helpers/typeshed/stubs/PyYAML" type="simple" />
            <root url="file://$APPLICATION_HOME_DIR$/plugins/python-ce/helpers/typeshed/stubs/aiofiles" type="simple" />
            <root url="file://$APPLICATION_HOME_DIR$/plugins/python-ce/helpers/typeshed/stubs/Pygments" type="simple" />
            <root url="file://$APPLICATION_HOME_DIR$/plugins/python-ce/helpers/typeshed/stubs/requests" type="simple" />
            <root url="file://$APPLICATION_HOME_DIR$/plugins/python-ce/helpers/typeshed/stubs/cachetools" type="simple" />
            <root url="file://$APPLICATION_HOME_DIR$/plugins/python-ce/helpers/typeshed/stubs/Flask-Cors" type="simple" />
          </root>
        </classPath>
        <sourcePath>
          <root type="composite" />
        </sourcePath>
      </roots>
      <additional SDK_UUID="c5f2923f-bb82-48df-ac2d-8cd042155366">
        <setting name="FLAVOR_ID" value="VirtualEnvSdkFlavor" />
        <setting name="FLAVOR_DATA" value="{}" />
      </additional>
    </jdk>
    <jdk version="2">
      <name value="Poetry (DjangoProject)" />
      <type value="Python SDK" />
      <version value="Python 3.12.7" />
      <homePath value="$USER_HOME$/Library/Caches/pypoetry/virtualenvs/djangoproject--mEVQotg-py3.12/bin/python" />
      <roots>
        <classPath>
          <root type="composite">
            <root url="file://$USER_HOME$/.pyenv/versions/3.12.7/lib/python3.12" type="simple" />
            <root url="file://$USER_HOME$/.pyenv/versions/3.12.7/lib/python3.12/lib-dynload" type="simple" />
            <root url="file://$USER_HOME$/Library/Caches/pypoetry/virtualenvs/djangoproject--mEVQotg-py3.12/lib/python3.12/site-packages" type="simple" />
            <root url="file://$USER_HOME$/Library/Caches/JetBrains/PyCharm2025.1/python_stubs/-1751487639" type="simple" />
            <root url="file://$APPLICATION_HOME_DIR$/plugins/python-ce/helpers/python-skeletons" type="simple" />
            <root url="file://$APPLICATION_HOME_DIR$/plugins/python-ce/helpers/typeshed/stdlib" type="simple" />
            <root url="file://$APPLICATION_HOME_DIR$/plugins/python-ce/helpers/bundled_stubs/Django" type="simple" />
          </root>
        </classPath>
        <sourcePath>
          <root type="composite" />
        </sourcePath>
      </roots>
      <additional ASSOCIATED_PROJECT_PATH="$USER_HOME$/PycharmProjects/DjangoProject" SDK_UUID="2a61dd98-583d-47d0-b0b6-968e803e3176" IS_POETRY="true">
        <setting name="FLAVOR_ID" value="PyPoetrySdkFlavor" />
        <setting name="FLAVOR_DATA" value="{}" />
      </additional>
    </jdk>
    <jdk version="2">
      <name value="Poetry (my_calorie_tracker_api)" />
      <type value="Python SDK" />
      <version value="Python 3.12.7" />
      <homePath value="$USER_HOME$/Library/Caches/pypoetry/virtualenvs/my-calorie-tracker-api-YL3ha6jt-py3.12/bin/python" />
      <roots>
        <classPath>
          <root type="composite">
            <root url="file://$USER_HOME$/.pyenv/versions/3.12.7/lib/python3.12" type="simple" />
            <root url="file://$USER_HOME$/.pyenv/versions/3.12.7/lib/python3.12/lib-dynload" type="simple" />
            <root url="file://$USER_HOME$/Library/Caches/pypoetry/virtualenvs/my-calorie-tracker-api-YL3ha6jt-py3.12/lib/python3.12/site-packages" type="simple" />
            <root url="file://$USER_HOME$/Library/Caches/JetBrains/PyCharm2025.1/python_stubs/354322106" type="simple" />
            <root url="file://$APPLICATION_HOME_DIR$/plugins/python-ce/helpers/python-skeletons" type="simple" />
            <root url="file://$APPLICATION_HOME_DIR$/plugins/python-ce/helpers/typeshed/stdlib" type="simple" />
          </root>
        </classPath>
        <sourcePath>
          <root type="composite" />
        </sourcePath>
      </roots>
      <additional ASSOCIATED_PROJECT_PATH="$USER_HOME$/PycharmProjects/my_calorie_tracker/my_calorie_tracker_api" SDK_UUID="f3890642-d80e-4ec1-ab90-0ffe1a84eb32" IS_POETRY="true">
        <setting name="FLAVOR_ID" value="PyPoetrySdkFlavor" />
        <setting name="FLAVOR_DATA" value="{}" />
      </additional>
    </jdk>
    <jdk version="2">
      <name value="shared/poetry" />
      <type value="Python SDK" />
      <version value="Python 3.13.2" />
      <homePath value="$USER_HOME$/Library/Caches/pypoetry/virtualenvs/my-calorie-tracker-shared-XI4AozLm-py3.13/bin/python" />
      <roots>
        <classPath>
          <root type="composite">
            <root url="file://$USER_HOME$/.pyenv/versions/3.13.2/lib/python3.13" type="simple" />
            <root url="file://$USER_HOME$/.pyenv/versions/3.13.2/lib/python3.13/lib-dynload" type="simple" />
            <root url="file://$USER_HOME$/Library/Caches/pypoetry/virtualenvs/my-calorie-tracker-shared-XI4AozLm-py3.13/lib/python3.13/site-packages" type="simple" />
            <root url="file://$USER_HOME$/Library/Caches/JetBrains/PyCharm2025.1/python_stubs/-1390257997" type="simple" />
            <root url="file://$APPLICATION_HOME_DIR$/plugins/python-ce/helpers/python-skeletons" type="simple" />
            <root url="file://$APPLICATION_HOME_DIR$/plugins/python-ce/helpers/typeshed/stdlib" type="simple" />
            <root url="file://$APPLICATION_HOME_DIR$/plugins/python-ce/helpers/typeshed/stubs/cffi" type="simple" />
            <root url="file://$APPLICATION_HOME_DIR$/plugins/python-ce/helpers/typeshed/stubs/pyasn1" type="simple" />
            <root url="file://$APPLICATION_HOME_DIR$/plugins/python-ce/helpers/typeshed/stubs/PyYAML" type="simple" />
            <root url="file://$APPLICATION_HOME_DIR$/plugins/python-ce/helpers/typeshed/stubs/requests" type="simple" />
            <root url="file://$APPLICATION_HOME_DIR$/plugins/python-ce/helpers/typeshed/stubs/cachetools" type="simple" />
            <root url="file://$APPLICATION_HOME_DIR$/plugins/python-ce/helpers/typeshed/stubs/Flask-Cors" type="simple" />
          </root>
        </classPath>
        <sourcePath>
          <root type="composite" />
        </sourcePath>
      </roots>
      <additional SDK_UUID="f2c9d70e-da1e-4d40-9bdd-71d8b7a22546">
        <PATHS_TO_TRANSFER_ROOT PATH_TO_TRANSFER="file://$USER_HOME$/Repos/my_calorie_tracker/shared/src" />
        <setting name="FLAVOR_ID" value="VirtualEnvSdkFlavor" />
        <setting name="FLAVOR_DATA" value="{}" />
      </additional>
    </jdk>
    <jdk version="2">
      <name value="Poetry (shared)" />
      <type value="Python SDK" />
      <version value="Python 3.13.2" />
      <homePath value="$USER_HOME$/Library/Caches/pypoetry/virtualenvs/my-calorie-tracker-shared-XI4AozLm-py3.13/bin/python" />
      <roots>
        <classPath>
          <root type="composite">
            <root url="file://$USER_HOME$/.pyenv/versions/3.13.2/lib/python3.13" type="simple" />
            <root url="file://$USER_HOME$/.pyenv/versions/3.13.2/lib/python3.13/lib-dynload" type="simple" />
            <root url="file://$USER_HOME$/Library/Caches/pypoetry/virtualenvs/my-calorie-tracker-shared-XI4AozLm-py3.13/lib/python3.13/site-packages" type="simple" />
            <root url="file://$USER_HOME$/Library/Caches/JetBrains/PyCharm2025.1/python_stubs/-1390257997" type="simple" />
            <root url="file://$APPLICATION_HOME_DIR$/plugins/python-ce/helpers/python-skeletons" type="simple" />
            <root url="file://$APPLICATION_HOME_DIR$/plugins/python-ce/helpers/typeshed/stdlib" type="simple" />
            <root url="file://$APPLICATION_HOME_DIR$/plugins/python-ce/helpers/typeshed/stubs/cffi" type="simple" />
            <root url="file://$APPLICATION_HOME_DIR$/plugins/python-ce/helpers/typeshed/stubs/pyasn1" type="simple" />
            <root url="file://$APPLICATION_HOME_DIR$/plugins/python-ce/helpers/typeshed/stubs/PyYAML" type="simple" />
            <root url="file://$APPLICATION_HOME_DIR$/plugins/python-ce/helpers/typeshed/stubs/requests" type="simple" />
            <root url="file://$APPLICATION_HOME_DIR$/plugins/python-ce/helpers/typeshed/stubs/cachetools" type="simple" />
            <root url="file://$APPLICATION_HOME_DIR$/plugins/python-ce/helpers/typeshed/stubs/Flask-Cors" type="simple" />
          </root>
        </classPath>
        <sourcePath>
          <root type="composite" />
        </sourcePath>
      </roots>
      <additional ASSOCIATED_PROJECT_PATH="$USER_HOME$/Repos/my_calorie_tracker/shared" SDK_UUID="1e7230ab-1283-4f49-b093-9506e64091ba" IS_POETRY="true">
        <PATHS_TO_TRANSFER_ROOT PATH_TO_TRANSFER="file://$USER_HOME$/Repos/my_calorie_tracker/shared/src" />
        <setting name="FLAVOR_ID" value="PyPoetrySdkFlavor" />
        <setting name="FLAVOR_DATA" value="{}" />
      </additional>
    </jdk>
    <jdk version="2">
      <name value="Python 3.12 (казино)" />
      <type value="Python SDK" />
      <version value="Python 3.12.7" />
      <homePath value="$USER_HOME$/Repos/казино/вокр/bin/python" />
      <roots>
        <classPath>
          <root type="composite">
            <root url="file://$USER_HOME$/.pyenv/versions/3.12.7/lib/python3.12" type="simple" />
            <root url="file://$USER_HOME$/.pyenv/versions/3.12.7/lib/python3.12/lib-dynload" type="simple" />
            <root url="file://$USER_HOME$/Repos/казино/вокр/lib/python3.12/site-packages" type="simple" />
            <root url="file://$USER_HOME$/Library/Caches/JetBrains/PyCharm2025.1/python_stubs/899833418" type="simple" />
            <root url="file://$APPLICATION_HOME_DIR$/plugins/python-ce/helpers/python-skeletons" type="simple" />
            <root url="file://$APPLICATION_HOME_DIR$/plugins/python-ce/helpers/typeshed/stdlib" type="simple" />
            <root url="file://$APPLICATION_HOME_DIR$/plugins/python-ce/helpers/typeshed/stubs/pexpect" type="simple" />
            <root url="file://$APPLICATION_HOME_DIR$/plugins/python-ce/helpers/typeshed/stubs/Pygments" type="simple" />
            <root url="file://$APPLICATION_HOME_DIR$/plugins/python-ce/helpers/typeshed/stubs/decorator" type="simple" />
          </root>
        </classPath>
        <sourcePath>
          <root type="composite" />
        </sourcePath>
      </roots>
      <additional ASSOCIATED_PROJECT_PATH="$USER_HOME$/Repos/казино" SDK_UUID="ee0aecae-3d22-479d-80a8-5cdc625959b0">
        <setting name="FLAVOR_ID" value="UnknownFlavor" />
        <setting name="FLAVOR_DATA" value="{}" />
      </additional>
    </jdk>
    <jdk version="2">
      <name value="Poetry (DjangoSampleProject)" />
      <type value="Python SDK" />
      <version value="Python 3.13.2" />
      <homePath value="$USER_HOME$/PycharmProjects/my_calorie_tracker/DjangoSampleProject/.venv/bin/python" />
      <roots>
        <classPath>
          <root type="composite">
            <root url="file://$USER_HOME$/.pyenv/versions/3.13.2/lib/python3.13" type="simple" />
            <root url="file://$USER_HOME$/.pyenv/versions/3.13.2/lib/python3.13/lib-dynload" type="simple" />
            <root url="file://$USER_HOME$/PycharmProjects/my_calorie_tracker/DjangoSampleProject/.venv/lib/python3.13/site-packages" type="simple" />
            <root url="file://$USER_HOME$/Library/Caches/JetBrains/PyCharm2025.1/python_stubs/-635498580" type="simple" />
            <root url="file://$APPLICATION_HOME_DIR$/plugins/python-ce/helpers/python-skeletons" type="simple" />
            <root url="file://$APPLICATION_HOME_DIR$/plugins/python-ce/helpers/typeshed/stdlib" type="simple" />
            <root url="file://$APPLICATION_HOME_DIR$/plugins/python-ce/helpers/bundled_stubs/Django" type="simple" />
          </root>
        </classPath>
        <sourcePath>
          <root type="composite" />
        </sourcePath>
      </roots>
      <additional ASSOCIATED_PROJECT_PATH="$USER_HOME$/PycharmProjects/my_calorie_tracker/DjangoSampleProject" SDK_UUID="e36ef08b-562b-4a33-8355-bc3a9590780e" IS_POETRY="true">
        <setting name="FLAVOR_ID" value="PyPoetrySdkFlavor" />
        <setting name="FLAVOR_DATA" value="{}" />
      </additional>
    </jdk>
    <jdk version="2">
      <name value="Python 3.13 (FastAPIProject)" />
      <type value="Python SDK" />
      <version value="Python 3.13.2" />
      <homePath value="$USER_HOME$/PycharmProjects/FastAPIProject/.venv/bin/python" />
      <roots>
        <classPath>
          <root type="composite">
            <root url="file://$USER_HOME$/.pyenv/versions/3.13.2/lib/python3.13" type="simple" />
            <root url="file://$USER_HOME$/.pyenv/versions/3.13.2/lib/python3.13/lib-dynload" type="simple" />
            <root url="file://$USER_HOME$/PycharmProjects/FastAPIProject/.venv/lib/python3.13/site-packages" type="simple" />
            <root url="file://$USER_HOME$/Library/Caches/JetBrains/PyCharm2025.1/python_stubs/1298144137" type="simple" />
            <root url="file://$APPLICATION_HOME_DIR$/plugins/python-ce/helpers/python-skeletons" type="simple" />
            <root url="file://$APPLICATION_HOME_DIR$/plugins/python-ce/helpers/typeshed/stdlib" type="simple" />
          </root>
        </classPath>
        <sourcePath>
          <root type="composite" />
        </sourcePath>
      </roots>
      <additional ASSOCIATED_PROJECT_PATH="$USER_HOME$/PycharmProjects/FastAPIProject" SDK_UUID="83b5746b-d918-4ebc-b4ae-4376bfa82f75">
        <setting name="FLAVOR_ID" value="VirtualEnvSdkFlavor" />
        <setting name="FLAVOR_DATA" value="{}" />
      </additional>
    </jdk>
  </component>
</application>