<application>
  <component name="Trusted.Paths">
    <option name="TRUSTED_PROJECT_PATHS">
      <map>
        <entry key="$USER_HOME$/PycharmProjects/DjangoProject" value="true" />
        <entry key="$USER_HOME$/PycharmProjects/FastAPIProject" value="true" />
        <entry key="$USER_HOME$/PycharmProjects/SampleProject" value="true" />
        <entry key="$USER_HOME$/PycharmProjects/my_calorie_tracker/DjangoSampleProject" value="true" />
        <entry key="$USER_HOME$/PycharmProjects/my_calorie_tracker/my_calorie_tracker_api" value="true" />
        <entry key="$USER_HOME$/PycharmProjects/my_calorie_tracker/my_calorie_tracker_telegram" value="true" />
        <entry key="$USER_HOME$/Repos/my_calorie_tracker" value="true" />
        <entry key="$USER_HOME$/Repos/my_calorie_tracker/shared" value="true" />
        <entry key="$USER_HOME$/Repos/taro-and-cats/cardpicker-web" value="true" />
        <entry key="$USER_HOME$/Repos/казино" value="true" />
      </map>
    </option>
  </component>
  <component name="Trusted.Paths.Settings">
    <option name="TRUSTED_PATHS">
      <list>
        <option value="$USER_HOME$/Repos/taro-and-cats" />
        <option value="$USER_HOME$/Repos" />
      </list>
    </option>
  </component>
</application>