<application>
  <component name="DimensionService">
    <location key="find.popup.0.0.3456.2234@192dpi" x="1256" y="354" />
    <size key="GridCell.Tab.0.left.0.0.3456.2234@192dpi" width="1716" height="1708" />
    <size key="GridCell.Tab.0.center.0.0.3456.2234@192dpi" width="1716" height="1708" />
    <size key="GridCell.Tab.0.right.0.0.3456.2234@192dpi" width="1716" height="1708" />
    <size key="GridCell.Tab.0.bottom.0.0.3456.2234@192dpi" width="1716" height="1708" />
    <size key="GridCell.Tab.1.left.0.0.3456.2234@192dpi" width="3440" height="944" />
    <size key="GridCell.Tab.1.center.0.0.3456.2234@192dpi" width="3440" height="944" />
    <size key="GridCell.Tab.1.right.0.0.3456.2234@192dpi" width="3440" height="944" />
    <size key="GridCell.Tab.1.bottom.0.0.3456.2234@192dpi" width="3440" height="944" />
    <size key="find.popup.0.0.3456.2234@192dpi" width="1286" height="1476" />
  </component>
  <component name="WindowManager">
    <frame x="1727" y="1089" width="1720" height="1070" extendedState="6" />
  </component>
  <component name="WindowStateApplicationService">
    <state width="631" height="139" key="ShowUsagesActions.dimensionServiceKey" timestamp="1754228376440">
      <screen x="0" y="38" width="1728" height="1079" />
    </state>
    <state width="631" height="139" key="ShowUsagesActions.dimensionServiceKey/0.38.1728.1079" timestamp="1754228376440" />
    <state x="864" y="577" width="1720" height="1070" key="WELCOME_SCREEN" timestamp="1754329248525">
      <screen x="0" y="38" width="1728" height="1079" />
    </state>
    <state x="864" y="577" width="1720" height="1070" key="WELCOME_SCREEN/0.38.1728.1079" timestamp="1754329248525" />
  </component>
</application>